{"0": {"precision": 0.0, "recall": 0.0, "f1-score": 0.0, "support": 9.0}, "1": {"precision": 0.0, "recall": 0.0, "f1-score": 0.0, "support": 15.0}, "2": {"precision": 0.9797979797979798, "recall": 0.9326923076923077, "f1-score": 0.9556650246305419, "support": 104.0}, "3": {"precision": 1.0, "recall": 0.75, "f1-score": 0.8571428571428571, "support": 4.0}, "4": {"precision": 0.7769230769230769, "recall": 0.9901960784313726, "f1-score": 0.8706896551724138, "support": 102.0}, "accuracy": 0.8589743589743589, "macro avg": {"precision": 0.5513442113442113, "recall": 0.534577677224736, "f1-score": 0.5366995073891625, "support": 234.0}, "weighted avg": {"precision": 0.7912185630134347, "recall": 0.8589743589743589, "f1-score": 0.8189234137509999, "support": 234.0}}